{"books":[{"book_id":"B001","title":"Introduction to Python Programming","publication_date":"2021-06-15","author":"John Smith","total_quantity":10,"loaned_quantity":4},{"book_id":"B002","title":"Data Science for Beginners","publication_date":"2020-03-10","author":"Alice Johnson","total_quantity":5,"loaned_quantity":5},{"book_id":"B003","title":"Artificial Intelligence: A Modern Approach","publication_date":"2022-11-20","author":"Stuart Russell","total_quantity":8,"loaned_quantity":2},{"book_id":"B004","title":"The Great Gatsby","publication_date":"1925-04-10","author":"F. Scott Fitzgerald","total_quantity":3,"loaned_quantity":0},{"book_id":"B005","title":"Clean Code","publication_date":"2008-08-01","author":"Robert C. Martin","total_quantity":12,"loaned_quantity":7}]}