{
  "welcome_message" : "Library Chatbot: Hello! I am your personal library assistant. What can I help you.\nType 'bye', 'quit' or 'exit' to exit.",
  "exit_message": "Library Chatbot: Goodbye! Happy reading!",
  "intents": [
    {
      "tag": "greeting",
      "patterns": [
        "Hi",
        "Hello",
        "Good morning",
        "Is anyone there?",
        "Hey"
      ],
      "responses": [
        "Hello! Welcome to the Library Service. How can I help you?",
        "Hi there! ready to help you with your books.",
        "Greetings! What can I do for you today?"
      ]
    },
    {
      "tag": "goodbye",
      "patterns": [
        "Bye",
        "See you later",
        "Goodbye",
        "Exit",
        "Quit"
      ],
      "responses": [
        "Goodbye! Happy reading!",
        "See you later. Don't forget to return your books on time!",
        "Bye! Have a great day."
      ]
    },
	{
      "tag": "help",
      "patterns": [
        "What can you do",
        "What can you help me with",
        "Help",
        "What are your features",
        "How do I use this",
        "Services"
      ],
      "responses": [
        "I can help you with several library tasks:\n1. Check opening hours\n2. List all books\n3. Check if a book is available\n4. Borrow or Return books\n5. Tell you about borrowing limits.",
        "I am your Library Assistant. You can ask me to 'Show me the catalog', 'Borrow [Book Name]', 'Check stock for [Book Name]', or ask about our 'Opening hours'."
      ]
    },
    {
      "tag": "hours",
      "patterns": [
        "When are you open?",
        "What are the opening hours?",
        "Library hours",
        "Time open"
      ],
      "responses": [
        "We are open Mon-Fri from 8 AM to 9 PM, and weekends from 10 AM to 6 PM.",
        "Our library hours are 08:00 - 21:00 on weekdays."
      ]
    },
	{
      "tag": "check_availability",
      "patterns": [
        "Do you have (.*)",
        "Is (.*) available",
        "Can I borrow (.*)",
        "Check stock for (.*)"
      ],
      "responses": [
        "Let me check the availability for '{book_title}'...",
        "Checking our catalog for '{book_title}'."
      ]
    },
    {
      "tag": "query_author",
      "patterns": [
        "Who wrote (.*)",
        "Author of (.*)",
        "Who is the author of (.*)"
      ],
      "responses": [
        "Let me look up the author for '{book_title}'..."
      ]
    },
    {
      "tag": "list_books",
      "patterns": [
        "What books do you have?",
        "Show me the catalog",
        "List all books",
        "book list"
      ],
      "responses": [
        "Here are some books currently in our catalog: "
      ]
    },
    {
      "tag": "borrow_limit",
      "patterns": [
        "How many books can I borrow",
        "borrowing limit",
        "max books"
      ],
      "responses": [
        "Undergraduates can borrow up to 10 books. Postgraduates can borrow up to 20.",
        "You can borrow a maximum of 10 items at a time."
      ]
    },
	{
	  "tag": "borrow_book",
	  "patterns": [
		"I want to borrow (.*)",
		"Can I borrow (.*)",
		"Borrow (.*)",
		"I need to check out (.*)",
        "Check out (.*)"
      ],
      "responses": [
        "Processing your request to borrow '{book_title}'..."
      ]
	},
	{
	  "tag": "return_book",
	  "patterns": [
        "I want to return (.*)",
        "Return (.*)",
        "I am returning (.*)",
        "Give back (.*)"
	  ],
      "responses": [
		"Processing your return for '{book_title}'..."
	  ]
	},
    {
      "tag": "provide_name",
      "patterns": [
        "My name is (.*)",
        "I am (.*)",
        "Call me (.*)"
      ],
      "responses": [
        "Nice to meet you, {name}! How can I help you today?",
        "Hello {name}, I have noted your name in our system."
      ]
    }
  ]
}